{
  "id": "",
  "name": "",
  "font_family": "iconfont",
  "css_prefix_text": "icon-",
  "description": "",
  "glyphs": [
    {
      "icon_id": "11249618",
      "name": "arrow-down-2",
      "font_class": "arrow-down-",
      "unicode": "e82d",
      "unicode_decimal": 59437
    },
    {
      "icon_id": "11249622",
      "name": "arrow-right-2",
      "font_class": "arrow-right-",
      "unicode": "e82e",
      "unicode_decimal": 59438
    },
    {
      "icon_id": "11249627",
      "name": "arrow-left-2",
      "font_class": "arrow-left-",
      "unicode": "e82f",
      "unicode_decimal": 59439
    },
    {
      "icon_id": "11249629",
      "name": "arrow-up-2",
      "font_class": "arrow-up-",
      "unicode": "e830",
      "unicode_decimal": 59440
    }
  ]
}
